aan,baan,cadeau,daar,echt,falen,gaan,haan,idee,ja,kaars,laag,maag,na,object,paar,raak,samen,taal,u,vaak,waar,zaak
aanbod,baby,chocolade,daarom,een,,gat,haar,ieder,jaar,kaart,laat,maal,naald,oceaan,paard,raam,sap,taart,uit,vaarwel,waarom,zacht
aanraken,bad,cirkel,dag,één,familie,gebeuren,haast,iedereen,jagen,kaas,laatst,maaltijd,naam,ochtend,pad,radio,schaap,tafel,uitleggen,vader,waarschijnlijk,zak
aanval,bal,comfortabel,dak,eend,feest,gebeurtenis,hal,iemand,jas,kamer,lach,maan,naar,oefening,pagina,raken,schaar,tak,uitnodigen,vak,wachten,zand
aap,bang,compleet,dan,eenheid,feit,gebied,halen,iets,jij,kans,lachen,maand,naast,of,pan,rapport,schaduw,tamelijk,uitvinden,vakantie,wakker,zee
aardappel,bank,computer,dansen,eenzaam,fel,geboorte,half,ijs,jong,kant,ladder,maar,nacht,offer,papa,recht,scheiden,tand,uitzoeken,vallen,wanneer,zeep
aarde,basis,conditie,dapper,eerste,fijn,geboren,hallo,ijzer,jongen,kantoor,laken,maat,nat,olie,papier,rechtdoor,scherp,tante,uur,vals,want,zeer
aardig,bed,controle,dat,eeuw,film,gebruik,hamer,ik,jouw,kap,lamp,machine,natuur,olifant,park,rechts,schetsen,tas,,van,wapen,zeggen
acht,bedekken,cool,de,effect,fit,gebruikelijk,hand,in,jullie,kast,land,maken,natuurlijk,om,partner,rechtvaardig,schieten,taxi,,vandaag,warm,zeil
achter,bedreiging,correct,deel,ei,fles,gebruiken,hard,instrument,,kasteel,lang,makkelijk,nee,oma,pas,redden,schijnen,te,,vangen,wassen,zeker
actief,bedreven,,deken,eigen,foto,gedrag,hart,,,kat,langs,mama,neer,onder,passeren,reeds,schip,team,,vanmorgen,wat,zelfde
activiteit,been,,deksel,eiland,fout,gedragen,haten,,,kennen,langzaam,man,negen,onderwerp,pen,regen,school,teen,,vannacht,water,zes
ademen,beer,,delen,einde,fris,geel,hebben,,,kennis,laten,mand,nek,onderzoek,peper,reiken,schoon,tegen,,varken,we,zetten
af,beest,,derde,eis,fruit,geen,heel,,,keuken,leeftijd,manier,nemen,oneven,per,reizen,schouder,teken,,vast,week,zeven
afgelopen,beetje,,deze,elektrisch,,gehoorzamen,heet,,,keus,leeg,map,net,ongeluk,perfect,rekenmachine,schreeuw,tekenen,,vechten,weer,ziek
afhangen,begin,,dichtbij,elk,,geit,helder,,,kiezen,leerling,markeren,netjes,ons,periode,rennen,schreeuwen,telefoon,,veel,weg,ziekenhuis
afmaken,begrijpen,,dienen,en,,geld,helft,,,kijken,leeuw,markt,neus,ontsnappen,persoon,repareren,schrijven,televisie,,veer,welke,ziel
afname,begrip,,diep,enkele,,geliefde,help,,,kind,leger,me,niet,ontbijt,piano,rest,schudden,tellen,,veilig,welkom,zien
afspraak,behalve,,dier,enthousiast,,gelijk,hem,,,kip,leiden,medicijn,niets,ontdekken,pijn,restaurant,seconde,tennis,,ver,wens,zij
afval,beide,,dik,erg,,geloof,hemel,,,kist,lenen,meel,nieuw,ontmoeten,pistool,resultaat,sex,terug,,veranderen,wereld,zijn
al,beker,,ding,eten,,geluid,hen,,,klaar,lengte,meer,nieuws,ontvangen,plaat,richting,signaal,terugkomst,,verandering,werelddeel,zilver
algemeen,bel,,dit,even,,geluk,herfst,,,klas,lepel,meerdere,nobel,ontwikkelen,plaatje,rijk,simpel,terwijl,,verder,werk,zingen
alleen,belangrijk,,dochter,examen,,gemak,herinneren,,,klasse,leren,meest,noch,onze,plaats,rijst,sinds,test,,verdienen,west,zinken
alles,bellen,,doen,extreem,,gemakkelijk,hert,,,kleden,les,meisje,nodig,oog,plafond,rijzen,slaapkamer,tevreden,,verdrietig,wetenschap,zitten
als,belofte,,dom,,,gemeen,het,,,klein,leuk,melk,noemen,ooit,plank,ring,slapen,thee,,verenigen,wie,zo
alsjeblieft,beneden,,donker,,,genieten,heuvel,,,kleren,leven,meneer,nog,ook,plant,rok,slecht,thuis,,verf,wiel,zoals
altijd,benzine,,dood,,,genoeg,hier,,,kleur,lezen,mengsel,nood,oom,plastic,rond,sleutel,tien,,vergelijkbaar,wij,zoeken
ander,berg,,door,,,genot,hij,,,klimmen,lichaam,mensen,nooit,oor,plat,rood,slim,tijd,,vergelijken,wijn,zoet
andere,beroemd,,doorzichtig,,,gerecht,hobby,,,klok,licht,mes,noord,oorlog,plattegrond,rook,slot,titel,,vergelijking,wijs,zomer
anders,beroep,,doos,,,gereedschap,hoe,,,kloppen,liefde,met,noot,oorzaak,plein,rots,sluiten,toekomst,,vergeten,wild,zon
angst,bescherm,,dorp,,,geschikt,hoed,,,klopt,liegen,meubel,normaal,oost,plus,roze,smaak,toen,,vergeven,willen,zonder
antwoord,beslissen,,draad,,,gespannen,hoek,,,knie,liggen,mevrouw,nu,op,poes,rubber,smal,toename,,vergissen,wind,zonnig
antwoorden,best,,draaien,,,geur,hoeveel,,,knippen,lijk,middel,nul,opa,politie,ruiken,sneeuw,totaal,,verhaal,winkel,zoon
appel,betalen,,dragen,,,gevaar,hoeveelheid,,,koers,lijken,midden,nummer,opeens,poort,ruimte,snel,traan,,verhoging,winnen,zorg
arm,beter,,drie,,,gevaarlijk,hoewel,,,koffer,liniaal,mij,,open,populair,,snelheid,tram,,verjaardag,winter,zorgen
auto,bevatten,,drijven,,,gevangenis,hond,,,koffie,links,mijn,,openlijk,positie,,snijden,trein,,verkeerd,wissen,zou
avond,bewegen,,drinken,,,geven,honderd,,,kok,lip,,,opleiding,postzegel,,soep,trekken,,verkopen,wit,zout
avondeten,bewolkt,,drogen,,,gevolg,honger,,,koken,list,miljoen,,opnemen,potlood,,sok,trouwen,,verlaten,wolf,zuid
,bezoek,,dromen,,,gewicht,hoofd,,,kom,lomp,min,,oranje,praten,,soms,trui,,verleden,wolk,zulke
,bibliotheek,,droog,,,gewoon,hoog,,,komen,lood,minder,,orde,presenteren,,soort,tuin,,verliezen,wonder,zullen
,bieden,,druk,,,gezicht,hoogte,,,koning,lopen,minuut,,oud,prijs,,sorry,tussen,,vernietigen,woord,zus
,bij,,dubbel,,,gezond,hoop,,,koningin,los,mis,,ouder,prins,,speciaal,tweede,,veroveren,woud,zwaar
,bijna,,dun,,,gif,horen,,,koorts,lot,missen,,over,prinses,,spel,,,verrassen,wreed,zwak
,bijten,,dus,,,gisteren,hotel,,,kop,lucht,mits,,overal,privé,,spelen,,,vers,,zwembad
,bijvoorbeeld,,duur,,,glad,houden,,,kopen,lui,model,,overeenkomen,proberen,,sport,,,verschil,,zwemmen
,bijzonder,,duwen,,,glas,huilen,,,kort,luisteren,modern,,overleden,probleem,,spreken,,,verschrikkelijk,,
,binnen,,,,,glimlach,huis,,,kost,lunch,moeder,,overvallen,product,,springen,,,verspreiden,,
,binnenkort,,,,,god,hun,,,kosten,,moeilijk,,,provincie,,staal,,,verstand,,
,blad,,,,,goed,huren,,,koud,,moeten,,,publiek,,stad,,,verstoppen,,
,blauw,,,,,goedkoop,hut,,,kraam,,mogelijk,,,punt,,stap,,,versturen,,
,blazen,,,,,goud,huur,,,kracht,,mogen,,,,,start,,,vertellen,,
,blij,,,,,graf,,,,krant,,moment,,,,,station,,,vertrekken,,
,blijven,,,,,grap,,,,krijgen,,mond,,,,,steen,,,vertrouwen,,
,bloed,,,,,grappig,,,,kruis,,mooi,,,,,stelen,,,verwachten,,
,bloem,,,,,gras,,,,kuil,,moord,,,,,stem,,,verwijderen,,
,bodem,,,,,grens,,,,kunnen,,moorden,,,,,stempel,,,verzamelen,,
,boek,,,,,grijs,,,,kunst,,morgen,,,,,ster,,,verzameling,,
,boerderij,,,,,groeien,,,,,,munt,,,,,sterk,,,vet,,
,boete,,,,,groen,,,,,,muziek,,,,,steun,,,vier,,
,boom,,,,,groente,,,,,,,,,,,stil,,,vierkant,,
,boon,,,,,groep,,,,,,,,,,,stilte,,,vies,,
,boord,,,,,grof,,,,,,,,,,,stoel,,,vijand,,
,boos,,,,,grond,,,,,,,,,,,stof,,,vijf,,
,bord,,,,,groot,,,,,,,,,,,stoffig,,,vijver,,
,borstelen,,,,,grootmoeder,,,,,,,,,,,stom,,,vinden,,
,bos,,,,,grootvader,,,,,,,,,,,stop,,,vinger,,
,bot,,,,,,,,,,,,,,,,storm,,,vis,,
,bouwen,,,,,,,,,,,,,,,,straat,,,vlag,,
,boven,,,,,,,,,,,,,,,,straffen,,,vlees,,
,branden,,,,,,,,,,,,,,,,structuur,,,vlieg,,
,brandstof,,,,,,,,,,,,,,,,student,,,vliegtuig,,
,breed,,,,,,,,,,,,,,,,studie,,,vloer,,
,breken,,,,,,,,,,,,,,,,stuk,,,voeden,,
,brengen,,,,,,,,,,,,,,,,succes,,,voedsel,,
,brief,,,,,,,,,,,,,,,,suiker,,,voelen,,
,broer,,,,,,,,,,,,,,,,,,,voet,,
,broek,,,,,,,,,,,,,,,,,,,voetbal,,
,brood,,,,,,,,,,,,,,,,,,,vogel,,
,brug,,,,,,,,,,,,,,,,,,,vol,,
,bruikbaar,,,,,,,,,,,,,,,,,,,volgende,,
,bruiloft,,,,,,,,,,,,,,,,,,,volgorde,,
,bruin,,,,,,,,,,,,,,,,,,,voor,,
,bui,,,,,,,,,,,,,,,,,,,voorbeeld,,
,buiten,,,,,,,,,,,,,,,,,,,voorkomen,,
,bureau,,,,,,,,,,,,,,,,,,,voorzichtig,,
,buren,,,,,,,,,,,,,,,,,,,voorzien,,
,bus,,,,,,,,,,,,,,,,,,,vork,,
,buurman,,,,,,,,,,,,,,,,,,,vorm,,
,buurvrouw,,,,,,,,,,,,,,,,,,,vos,,
,,,,,,,,,,,,,,,,,,,,vouwen,,
,,,,,,,,,,,,,,,,,,,,vraag,,
,,,,,,,,,,,,,,,,,,,,vragen,,
,,,,,,,,,,,,,,,,,,,,vrede,,
,,,,,,,,,,,,,,,,,,,,vreemd,,
,,,,,,,,,,,,,,,,,,,,vreemde,,
,,,,,,,,,,,,,,,,,,,,vriend,,
,,,,,,,,,,,,,,,,,,,,vriendelijk,,
,,,,,,,,,,,,,,,,,,,,vriezen,,
,,,,,,,,,,,,,,,,,,,,vrij,,
,,,,,,,,,,,,,,,,,,,,vrijheid,,
,,,,,,,,,,,,,,,,,,,,vroeg,,
,,,,,,,,,,,,,,,,,,,,vroeger,,
,,,,,,,,,,,,,,,,,,,,vrouw,,
,,,,,,,,,,,,,,,,,,,,vullen,,
,,,,,,,,,,,,,,,,,,,,vuur,,
